{"episode/collective_reward": 695.0, "episode/length": 100, "episode/influence_weight": 0.0, "episode/number": 201, "train/loss": 503.62010192871094, "_timestamp": 1749138469.3276572, "_runtime": 3992.252337217331, "_step": 202000}