{"episode/collective_reward": 979.0, "episode/influence_weight": 0.0, "train/loss": 261.3850341796875, "_timestamp": 1749554762.752559, "_runtime": 40584.22977185249, "_step": 2735000}