{"episode/collective_reward": 877.0, "episode/influence_weight": 0.0, "train/loss": 136.3875419616699, "_timestamp": 1749554627.8012571, "_runtime": 40449.27847003937, "_step": 2727000}