{"episode/collective_reward": 1063.0, "episode/influence_weight": 0.0, "train/loss": 308.40992431640626, "_timestamp": 1749554593.702666, "_runtime": 40415.17987895012, "_step": 2725000}