{"episode/collective_reward": 561.0, "episode/influence_weight": 0.0, "train/loss": 97394.76484375, "_timestamp": 1749566084.2508776, "_runtime": 138.81021070480347, "_step": 4000, "_wandb": {"runtime": 154}}