{"episode/collective_reward": 666.0, "episode/influence_weight": 0.0, "train/loss": 117747.9734375, "_timestamp": 1749567930.3457093, "_runtime": 1794.943823337555, "_step": 56000, "_wandb": {"runtime": 1803}}