{"episode/collective_reward": 749.0, "episode/influence_weight": 0.01, "train/loss": 27562.6591796875, "_timestamp": 1749599897.8954582, "_runtime": 31442.53143429756, "_step": 1001000, "_wandb": {"runtime": 31441}}