{"episode/collective_reward": 613.0, "episode/influence_weight": 0.0, "train/loss": 101306.759765625, "_timestamp": 1749565856.0281744, "_runtime": 202.43885445594788, "_step": 6000, "_wandb": {"runtime": 221}}