{"episode/collective_reward": 631.0, "episode/influence_weight": 0.0, "train/loss": 28895.86787109375, "_timestamp": 1749719913.0112228, "_runtime": 156990.3388428688, "_step": 2580000, "_wandb": {"runtime": 157009}}