{"episode/collective_reward": 757.0, "episode/length": 100, "episode/influence_weight": 0.0, "episode/number": 191, "train/loss": 502.47650451660155, "_timestamp": 1749206479.8857665, "_runtime": 2717.502280473709, "_step": 192000, "_wandb": {"runtime": 2730}}